{
  "peak_performance_month": "2023-01",
  "trend": "STABLE \u27a1\ufe0f (No significant change)",
  "busiest_month": "January",
  "total_performance_bugs": 278,
  "performance_rate": 0.1865771812080537,
  "seasonal_pattern": {
    "April": 0.17829457364341086,
    "August": 0.17164179104477612,
    "December": 0.1968503937007874,
    "February": 0.19469026548672566,
    "January": 0.2248062015503876,
    "July": 0.18333333333333332,
    "June": 0.174496644295302,
    "March": 0.18867924528301888,
    "May": 0.21238938053097345,
    "November": 0.16666666666666666,
    "October": 0.18803418803418803,
    "September": 0.1652892561983471
  }
}